"ip","uids"
"101.87.51.178","1040421340055, 1040421340089, 1063490840085, 1063490840089, 1063526340085, 1063526340089"
"103.63.154.212","1011054440033, 1029427040046, 1037338940090"
"106.114.247.143","1065550140090, 1068197540096, 1070426140104"
"110.255.162.34","1006834840012, 1013105740018, 1014241440021, 1043955540059, 1043955540075, 1055613440075, 1063591540086"
"110.72.19.48","1003386140006, 1003427340006, 1003529940006, 1003641640006, 1003641840006"
"110.72.3.192","1003386140081, 1003427340081, 1003498640081, 1003499140081, 1003499640081, 1003529440081, 1003529940081, 1003641640081, 1003641840081, 1003647340006, 1003647340081, 1003753140006, 1003753140081, 1003759340006, 1003759340081"
"110.72.38.206","1003498640006, 1003499140006, 1003499640006"
"111.162.180.49","1058126240077, 1069651040102, 1069652040102"
"111.182.49.74","1019786140084, 1019786140100, 1019948340084, 1019948340100, 1034436840084, 1034436840100, 1034439740084, 1034439740100, 1034441640084, 1034441640100, 1034445640084, 1034445640100, 1034447940084, 1034447940100, 1034449340084, 1034449340100, 1034450440084, 1034450440100"
"111.196.45.23","1059600440082, 1062028040089, 1067559740093, 1067582440093"
"111.27.32.74","1012712340038, 1014131840020, 1027984840038"
"111.32.64.242","1011325740016, 1011327940016, 1011337440016, 1011341940016, 1011343040016"
"111.55.205.13","1032963340048, 1032969340048, 1033176740048"
"112.224.190.210","1052438140075, 1052452440075, 1052458940075, 1052465740075"
"112.251.77.202","1050980540067, 1063012940082, 1066761440090, 1068857540099"
"112.38.106.170","1005931740010, 1027747240039, 1066853640092"
"112.40.58.162","1024723640034, 1024742040034, 1025180640034"
"112.47.224.175","1029618640045, 1029682940044, 1029742440045"
"112.52.23.38","1067258540093, 1067269540093, 1067277240093, 1067367740093"
"113.119.75.173","1002309840005, 1002309840007, 1002533540005, 1002533540007, 1004077140007, 1004077340007, 1004077440007, 1004077640007"
"113.6.151.106","1004143640015, 1004600340009, 1004600340015, 1009368740015"
"113.84.9.178","1059842740078, 1066125640091, 1066978540091, 1067001240091"
"114.86.122.196","1003790040008, 1004148140008, 1004148240008, 1004148340008, 1004148540008"
"114.92.190.63","1017514740025, 1065402840090, 1066497640090"
"116.1.73.143","1002837640002, 1002838240002, 1002838440002"
"117.133.68.177","1028599440056, 1053531240075, 1055965340075"
"117.179.21.107","1011325740016, 1011325740029, 1011326940016, 1011327940016, 1011327940029, 1011337440016, 1011337440029, 1011341940016, 1011341940029, 1011343040016, 1011343040029"
"117.183.125.4","1003620540079, 1003638840079, 1011203140079, 1056037540079, 1056039840079, 1056043940079"
"117.62.97.215","1069335240106, 1069335240113, 1070789640113, 1071561240113, 1071796540113, 1071802740113"
"118.242.18.133","1002150440001, 1002150440003, 1002150440005, 1002150440014, 1002150540990, 1002150740001, 1002150840001, 1002151140001, 1002539540002, 1002539540003, 1002827540006, 1003103340004, 1003373440990"
"118.249.100.31","1002636840051, 1002636840097, 1028638040051, 1028723040051, 1028723140051, 1028723240051, 1028723640040, 1028723640051, 1028723940051, 1028751040051, 1028751140051, 1028751340051, 1028751640040, 1028751640051, 1028751740051, 1028751940051"
"118.250.36.234","1024628340033, 1028297140041, 1028916840045, 1028916840055, 1028916840092, 1028916840096, 1028916840114, 1036146040056"
"119.130.214.4","1016919140029, 1020700440029, 1020702040029, 1020702540029"
"120.204.128.155","1004121540008, 1004121540012, 1004121640008, 1004121640012, 1004121740008, 1004121740012"
"120.204.128.250","1003852740006, 1004110040008, 1004110040010, 1004110040012, 1004110040015, 1004113640008, 1004113640010, 1004113640015, 1004121540010, 1004121540015, 1004121640010, 1004121640015, 1004121740010, 1004121740015, 1004121840010, 1004121840015, 1008196840015, 1008197140015, 1008197440015, 1008197540015, 1008197640015"
"120.225.135.106","1008174140012, 1008174140084, 1010944640084, 1042593140084"
"120.225.135.187","1008174140012, 1008174140084, 1010944640084, 1042593140084"
"120.227.66.153","1006318040011, 1006856440011, 1059285140078, 1067954040095"
"120.229.235.105","1003648440010, 1003648540010, 1003648640010, 1004160840010, 1005827940010, 1005841140010, 1005916140010, 1005929440010"
"120.231.183.115","1004208340008, 1029431840042, 1030563240045, 1030649040046"
"120.244.219.64","1002582940003, 1002582940005, 1002749840003, 1002749840005, 1002767840003, 1002767840005, 1002768940003, 1002768940005, 1002844240005"
"120.244.219.69","1002582940002, 1002749840002, 1002767840002, 1002768940002"
"120.86.34.54","1020606840040, 1021027040051, 1028468340041"
"121.10.97.65","1022278840030, 1022440240030, 1026305340035"
"121.32.32.142","1016919140024, 1020700440029, 1020702040029, 1020702540029"
"121.35.1.16","1025914640087, 1025948940054, 1025948940087, 1036413640054, 1036413640087, 1064121740087, 1064130740087"
"122.96.15.221","1032074640059, 1032074640103, 1032645540059, 1032645540103, 1032665640059, 1032665640103, 1034524240059, 1034524240103, 1034532440059, 1034532440103, 1066833640103, 1066836140103, 1066841640098, 1066841640103, 1066845540103, 1066850640103"
"124.238.139.27","1003729840091, 1029252040042, 1062389840082"
"124.79.39.47","1049925740069, 1049927740069, 1049932740069, 1049934740069, 1049937240069, 1049938640069, 1049940840069, 1049942840069, 1049945740069, 1049947940069, 1049954440069, 1049956640069, 1049958940069, 1049963540069, 1049965640069, 1049967140069, 1049969440069, 1049971340069, 1049973340069, 1049974740069"
"125.40.44.184","1003868840025, 1011118240015, 1023019840031"
"125.92.91.208","1002806240002, 1002806940002, 1002807240002, 1002807340002, 1002807440002, 1002807540002, 1002807740002, 1002807840002, 1002807940002, 1002808040002, 1002808240002, 1002808640002, 1002808740002"
"14.145.40.250","1030087640061, 1030087640071, 1055161340071, 1055701640071"
"14.153.61.41","1002970440003, 1002970440004, 1003074540004, 1003101940004, 1003102640004, 1003200740004"
"14.153.65.72","1002970440006, 1003074540006, 1003101940006, 1003102640006, 1003200740006"
"14.155.114.76","1002970440005, 1003074540005, 1003101940005, 1003102640003, 1003102640005, 1003200740003, 1003200740005"
"14.19.139.105","1006945340012, 1011128940016, 1071363340108"
"163.177.168.77","1060808040081, 1060808040091, 1066634040091, 1066727440091, 1066727540091"
"171.104.167.214","1056741040075, 1056741040077, 1058555740077, 1059237640077"
"171.12.2.12","1002833440002, 1002833540002, 1002833640002, 1003643440075, 1003643540075, 1003829740075, 1003829940075, 1003832040075, 1003832340075, 1003832540075, 1003833140075, 1003833640075, 1003833940075, 1003834040075, 1003838140075"
"171.222.254.4","1004000140007, 1004002340007, 1004012440007"
"171.34.214.214","1004052440007, 1006885440011, 1069702540102"
"171.34.221.73","1067437340094, 1067444540094, 1067449040094, 1067454240094, 1067456440094, 1067459240094, 1067460840094, 1067466040094, 1067482640094"
"171.34.233.159","1027565340037, 1027579940037, 1027638640037, 1031282340046"
"171.36.65.104","1015183840022, 1015566040021, 1015611240021"
"171.83.11.86","1002674240003, 1002692840003, 1002832740003, 1002849340003"
"171.83.12.131","1002674240003, 1002692840003, 1002832740003, 1002849340003"
"180.136.226.217","1005960640009, 1011265640016, 1066497940009"
"180.164.125.19","1049933940066, 1068421540108, 1071608340109, 1071674140109"
"180.164.132.144","1004765340060, 1032820740057, 1032820740058, 1032820740060, 1053864940072, 1053894240072, 1054003340072"
"180.165.16.8","1003372040990, 1003372340990, 1003374140990, 1003374240990, 1003375240990, 1003377940990, 1003384240990, 1003384740990, 1003384840990, 1003408040990, 1003533140990, 1003550840990, 1003894640006"
"180.165.2.246","1003371940990, 1003374340990, 1003374440990, 1003379040990, 1003379840990, 1003384140990, 1004162640008, 1010941940015"
"180.165.23.66","1003917640029, 1003920040015, 1004160240008, 1005132840015"
"180.165.8.245","1003371940990, 1003372040990, 1003377440008, 1003377440990, 1004205840008"
"182.88.52.6","1015177340022, 1015296940022, 1015535440021"
"183.128.188.87","1002910740012, 1003381340012, 1003863440007, 1003863440011, 1003863440012, 1008134140012, 1008134640012"
"183.17.67.62","1066055240089, 1066224940091, 1066308940091"
"183.192.121.219","1003473640005, 1003473640006, 1003648840006, 1003796140006, 1069536540102"
"183.2.121.95","1002832840001, 1002834940001, 1002835040001, 1002835140001, 1002835240001, 1002835340001, 1002835440001, 1002835540001, 1002835640001, 1002835740001, 1002835840001"
"183.213.254.137","1051501740069, 1051501740094, 1051529240094, 1052416240094, 1056991840094, 1067631240094, 1067734440094, 1067734440095"
"183.213.254.155","1045570440059, 1051501740069, 1051529240069, 1052416240069"
"183.213.254.239","1051501740069, 1051529240069, 1067734440094"
"183.227.158.157","1006966640015, 1010864940015, 1010889540015"
"183.241.182.146","1002582940002, 1002749840002, 1002749840005, 1002767840002, 1002768940002, 1002768940005"
"183.241.183.108","1002582940002, 1002582940003, 1002749840002, 1002749840003, 1002767840002, 1002767840003, 1002768940002, 1002768940003"
"218.1.210.46","1002206640001, 1002210140002, 1002213240001"
"218.109.207.112","1028409240041, 1028459840040, 1044232740105"
"221.15.249.234","1002832940003, 1002833040003, 1002833140003, 1002833240003, 1002833440003"
"221.182.82.65","1002604240002, 1002824540002, 1002836540002"
"222.244.226.104","1005700440010, 1005726040010, 1005728140010"
"223.104.145.174","1003208640004, 1056719940075, 1062892440079"
"223.104.42.218","1003402940005, 1023415440031, 1036361640053"
"223.104.82.40","1002668140002, 1002674340002, 1002831240002"
"223.73.132.203","1068645240111, 1071518140111, 1072134640111"
"223.73.191.108","1010922640015, 1010965340015, 1011056240015"
"223.73.66.22","1003282240004, 1016717140024, 1016889640024, 1016909540024"
"223.77.105.195","1019786140050, 1019948340050, 1034436840050, 1034439740050, 1034441640050, 1034445640050, 1034447940050, 1034449340050, 1034450440050"
"223.93.108.31","1057106440075, 1057106440108, 1057119240108, 1071471840108"
"27.197.28.225","1050964140067, 1050970140069, 1062980440079"
"27.45.76.1","1002835840001, 1003741840008, 1003741840009, 1004464140008, 1004464140009, 1004472340008, 1004491440008, 1004536640008, 1004581740008, 1004581740009, 1004592840008, 1004592840009, 1004610540008, 1004610540009"
"27.45.76.70","1003741840009, 1004464140009, 1004472340009, 1004491440009, 1004536640009, 1004581740009, 1004592840009, 1004610540009, 1004625440009, 1004633140009"
"36.60.11.227","1007020640012, 1033094140048, 1068384040097"
"39.130.63.166","1063582240085, 1067072440093, 1067076940093"
"49.85.57.238","1025502640034, 1025588340034, 1025660140034"
"61.170.161.146","1002893640018, 1002893640020, 1008124840020, 1041367540084, 1041367540110, 1042303840110, 1044298640110, 1070793440110, 1071261540110"
"61.52.144.62","1002832940002, 1002833040002, 1002833140002, 1002833240002, 1002833340002"
